round,alive_nodes,round_energy
0,100,0.018967468759217124
1,100,0.018967468759217124
2,100,0.01881373440639335
3,100,0.01881373440639335
4,100,0.01881373440639335
5,100,0.018464642437083095
6,100,0.018464642437083095
7,100,0.018601552617202574
8,100,0.018374166902992345
9,100,0.018601552617202574
10,100,0.018601552617202574
11,100,0.018374166902992345
12,100,0.018601552617202574
13,100,0.018511077083111824
14,100,0.018464642437083095
15,100,0.018601552617202574
16,100,0.018511077083111824
17,100,0.018464642437083095
18,100,0.018705007786021487
19,100,0.018705007786021487
20,100,0.01855487214883082
21,100,0.01865041757593809
22,100,0.018513507395818612
23,100,0.01865041757593809
24,100,0.01865041757593809
25,100,0.018513507395818612
26,100,0.01865041757593809
27,100,0.01865041757593809
28,100,0.018556996468759055
29,100,0.01866510127271756
30,100,0.01869390664887853
31,100,0.01852819109259808
32,100,0.01866510127271756
33,100,0.01869390664887853
34,100,0.018859682245138336
35,100,0.019142929697425703
36,100,0.019142929697425703
37,100,0.018845105315006747
38,100,0.018872534486475218
39,100,0.01863319500306938
40,100,0.01906368490848591
41,100,0.019092490284646883
42,100,0.01906368490848591
43,100,0.019092490284646883
44,100,0.018611548839943478
45,100,0.01906368490848591
46,100,0.01910783574219218
47,100,0.019042103152778433
48,100,0.018751390831386393
49,100,0.019042103152778433
50,100,0.01917472152376785
51,100,0.018618772460396973
52,100,0.01917472152376785
53,100,0.019070908528939407
54,100,0.01872258545522542
55,100,0.019042103152778433
56,100,0.01917033541912902
57,100,0.01896079446408167
58,100,0.019138686828134
59,100,0.018950170880985877
60,100,0.019109881451973027
61,100,0.019241611846284243
62,100,0.018965516338531174
63,100,0.019123341370588704
64,100,0.01905059533342691
65,100,0.019127727475227535
66,100,0.019138686828134
67,100,0.019035249875881614
68,100,0.019171878308933802
69,100,0.01893232485773137
70,100,0.019127727475227535
71,100,0.019138686828134
72,100,0.019035249875881614
73,100,0.019171878308933802
74,100,0.018916979400186076
75,100,0.019228151927668566
76,100,0.01915653285138851
77,100,0.01893232485773137
78,100,0.01915715556384621
79,100,0.01905226545719793
80,100,0.019127727475227535
81,100,0.01925695730382954
82,100,0.019007482590949958
83,100,0.01920038464273691
84,100,0.019022828048495255
85,100,0.019185039185191613
86,100,0.01906094354058172
87,100,0.018682320270432724
88,100,0.018670205615943708
89,100,0.018545084536856184
90,100,0.01878716035119908
91,100,0.018545084536856184
92,100,0.018670205615943708
93,100,0.01884478308347177
94,100,0.018731745709331355
95,100,0.018792865529443887
96,100,0.018792865529443887
97,100,0.018740430014289752
98,100,0.018789184262727916
99,100,0.018925540652428924
100,100,0.018789184262727916
101,100,0.018792865529443887
102,100,0.01880490465045758
103,100,0.01873929946162972
104,100,0.018930224839541224
105,100,0.018789184262727916
106,100,0.018809633421503293
107,100,0.018902024429453688
108,100,0.01893637487182692
109,100,0.018902024429453688
110,100,0.018802652244512136
111,100,0.018777751744699783
112,100,0.018902024429453688
113,100,0.018894706479955156
114,100,0.018943692821325447
115,100,0.018830187259853918
116,100,0.018823101403287513
117,100,0.018962862382838955
118,100,0.018722641131097843
119,100,0.018790797033981642
120,100,0.018704399432866697
121,100,0.018524454744112597
122,100,0.018806406863200224
123,100,0.018661690477689136
124,100,0.01897426784700722
125,100,0.018472019228958463
126,100,0.018738250960316425
127,100,0.018592610646996396
128,100,0.018673731740215187
129,100,0.018889510071005873
130,100,0.018673731740215187
131,100,0.01832405540042375
132,100,0.018741887643098983
133,100,0.018524454744112597
134,100,0.01865844303466551
135,100,0.018756834948020832
136,100,0.018473332396526338
137,100,0.018592610646996396
138,100,0.01882242029980706
139,100,0.018444646818461682
140,100,0.018621296225061052
141,100,0.018376490915577883
142,100,0.01906221598245816
143,100,0.018326170832928767
144,100,0.018826056982589618
145,100,0.018472019228958463
146,100,0.018410928608930118
147,100,0.018657129867097635
148,100,0.018579267287911386
149,100,0.018540175131842262
150,100,0.018525767911680473
151,100,0.01890611194412342
152,100,0.018394326735812566
153,100,0.018529299671757888
154,100,0.018704399432866697
155,100,0.018479084511813914
156,100,0.01867314330370447
157,100,0.01859392381456427
158,100,0.01884478308347177
159,100,0.018358493093775984
160,100,0.018592610646996396
161,100,0.018674456471272347
162,100,0.018448178578539098
163,100,0.018621296225061052
164,100,0.018579278353779177
165,100,0.018661974794742926
166,100,0.01854836135463657
167,100,0.01859392381456427
168,100,0.018472019228958463
169,100,0.018673731740215187
170,100,0.018799901612215154
171,100,0.018529299671757888
172,100,0.018592610646996396
173,100,0.018358493093775984
174,100,0.01867314330370447
175,100,0.01859392381456427
176,100,0.01884478308347177
177,100,0.018543603731915156
178,100,0.018608624083603233
179,100,0.018473332396526338
180,100,0.018448178578539098
181,100,0.018810098372411516
182,100,0.01850916603856292
183,100,0.018476864156603753
184,100,0.01880903224072653
185,100,0.018479084511813914
186,100,0.01867314330370447
187,100,0.01859392381456427
188,100,0.018999351720745298
189,100,0.01826165161282753
190,100,0.018741887643098983
191,100,0.018552236668235106
192,100,0.018741887643098983
193,100,0.01832405540042375
194,100,0.0188497434351842
195,100,0.01863098233728428
196,100,0.01884683988852571
197,100,0.01851955746564828
198,100,0.01892838291105546
199,100,0.01837993615147147
200,100,0.01916260146937178
201,100,0.018432133444177167
202,100,0.019040116870497028
203,100,0.018385466015090845
204,100,0.0189929021311567
205,100,0.018623432851803512
206,100,0.019117874481837677
207,100,0.01862449671288029
208,100,0.018844213571564825
209,100,0.019191772304908476
210,100,0.018755197283576244
211,100,0.018978803997941197
212,100,0.019160772159978832
213,100,0.01897776884790484
214,100,0.019007571668302584
215,100,0.019012322529830004
216,100,0.01892131560734735
217,100,0.01924760628039673
218,100,0.018751560600793683
219,100,0.018944166626946205
220,100,0.01894364894416031
221,100,0.018949606289529075
222,100,0.019033555299784784
223,100,0.0187504408124417
224,100,0.018958921767217366
225,100,0.018922444862241334
226,100,0.018912254338131047
227,100,0.018958921767217366
228,100,0.019083588465290423
229,100,0.018912254338131047
230,100,0.018922444862241334
231,100,0.018958921767217366
232,100,0.018912254338131047
233,100,0.018922444862241334
234,100,0.018836862529542732
235,100,0.01897488037739547
236,100,0.01885981882297691
237,100,0.018798493159231076
238,100,0.01898870829978951
239,100,0.018855399717464794
240,100,0.018993179342869093
241,100,0.018982988818758803
242,100,0.01897745895513943
243,100,0.01887112010519446
244,100,0.01897745895513943
245,100,0.019032263708243544
246,100,0.018982988818758803
247,100,0.01897745895513943
248,100,0.01887149738324231
249,100,0.018929474666824753
250,100,0.019034316391759874
251,100,0.01877815882837625
252,100,0.018966160488876074
253,100,0.019034316391759874
254,100,0.01877815882837625
255,100,0.019034316391759874
256,100,0.018966160488876074
257,100,0.01877815882837625
258,100,0.01900046236964355
259,100,0.018966160488876074
260,100,0.01909566354986745
261,100,0.018932306466759755
262,100,0.018866364043934564
263,100,0.019020809484088817
264,100,0.018932306466759755
265,100,0.018934519946818364
266,100,0.0189187995590887
267,100,0.018966160488876074
268,100,0.018934519946818364
269,100,0.0189187995590887
270,100,0.01900046236964355
271,100,0.01895265358120502
272,100,0.018866364043934564
273,100,0.01900046236964355
274,100,0.0189187995590887
275,100,0.018968373968934683
276,100,0.018932306466759755
277,100,0.01902750764698365
278,100,0.01900046236964355
279,100,0.018866364043934564
280,100,0.019020809484088817
281,100,0.018932306466759755
282,100,0.0189187995590887
283,100,0.018934519946818364
284,100,0.018966160488876074
285,100,0.018930313855884527
286,100,0.018809722437846593
287,100,0.01885255653354102
288,100,0.019020809484088817
289,100,0.018862157953000728
290,100,0.01892071243642482
291,100,0.018862157953000728
292,100,0.018843576459962916
293,100,0.018943820763555583
294,100,0.018815891406493715
295,100,0.01883899973362448
296,100,0.018931408239164893
297,100,0.01883899973362448
298,100,0.018924868635113168
299,100,0.01883899973362448
300,100,0.018849745428610037
301,100,0.018920662544179335
302,100,0.018815891406493715
303,100,0.018946475116699547
304,100,0.01887324462844899
305,100,0.018862157953000728
306,100,0.018923366789568786
307,100,0.018891826121486804
308,100,0.018917901331493837
309,100,0.01887831921381575
310,100,0.01883939060633267
311,100,0.01890715563650828
312,100,0.01888906490880131
313,100,0.018959982024370603
314,100,0.018815891406493715
315,100,0.018891826121486804
316,100,0.018927893623661735
317,100,0.018862157953000728
318,100,0.01893687369723984
319,100,0.01887831921381575
320,100,0.018849745428610037
321,100,0.018959982024370603
322,100,0.018825883698661613
323,100,0.01890715563650828
324,100,0.018902571816472362
325,100,0.01887831921381575
326,100,0.018884047309377514
327,100,0.018891826121486804
328,100,0.018927893623661735
329,100,0.01883899973362448
330,100,0.01889187601373229
331,100,0.018946475116699547
332,100,0.018863252336281094
333,100,0.018946475116699547
334,100,0.018825883698661613
335,100,0.018852506641295536
336,100,0.018957220811685105
337,100,0.01887831921381575
338,100,0.01889755421704857
339,100,0.01887831921381575
340,100,0.01891217323593207
341,100,0.018868227029025197
342,100,0.018878369106061235
343,100,0.018946475116699547
344,100,0.018863252336281094
345,100,0.01887831921381575
346,100,0.018946475116699547
347,100,0.0188000711261414
348,100,0.019346562891393096
349,100,0.019199505390639943
350,100,0.019173692818119727
351,100,0.019312708869276777
352,100,0.018925680143603126
353,100,0.019107750395294536
354,100,0.019312708869276777
355,100,0.018914984340863052
356,100,0.01933035173833259
357,100,0.01917639706350918
358,100,0.019213012298310995
359,100,0.019244062201062135
360,100,0.01888906490880131
361,100,0.019178039412870218
362,100,0.01929649771621627
363,100,0.018855210886684987
364,100,0.019211893434986537
365,100,0.019244062201062135
366,100,0.01917639706350918
367,100,0.019337509438014065
368,100,0.019451263500322506
369,100,0.01933370218300626
370,100,0.019421756072956677
371,100,0.019244062201062135
372,100,0.018902571816472362
373,100,0.019886740461606895
374,100,0.01883899973362448
375,100,0.019298729297565483
376,100,0.019490582980513777
377,100,0.018854720121354144
378,100,0.019154931085739454
379,100,0.019921713347047676
380,100,0.01896416787800085
381,100,0.018905644014828277
382,100,0.019456728958397455
383,100,0.019309060895670086
384,100,0.018867598931031584
385,100,0.019914226940989245
386,100,0.018924405747208547
387,100,0.01904528305884285
388,100,0.019878729713295153
389,100,0.019963939486430004
390,100,0.019438481090375243
391,100,0.019022287480507275
392,100,0.01956786189084902
393,100,0.019512036325495592
394,100,0.019488927998364828
395,100,0.019459600810341458
396,100,0.019512036325495592
397,100,0.019488927998364828
398,100,0.019512036325495592
399,100,0.019512036325495592
400,100,0.019443126800912404
401,100,0.019475413929655006
402,100,0.019541966760225207
403,100,0.019495946534221768
404,100,0.019537933702940533
405,100,0.019475413929655006
406,100,0.01954763614187124
407,100,0.01948624409529106
408,100,0.01954763614187124
409,100,0.019429393703651564
410,100,0.01954763614187124
411,100,0.0195322643212945
412,100,0.01948108331130104
413,100,0.019495946534221768
414,100,0.01858432844549818
415,100,0.019924441399210714
416,100,0.02005823078641868
417,100,0.019760963725650085
418,100,0.019725907610871986
419,100,0.019822109197925403
420,100,0.019822109197925403
421,100,0.01979900087079464
422,100,0.01977834312602612
423,100,0.019769673682771268
424,100,0.01989591914109468
425,100,0.019998707961686554
426,100,0.020028061415403742
427,100,0.02034075138712642
428,100,0.019972850380887863
429,100,0.019762788310508338
430,100,0.019759037589676457
431,100,0.019852004662503118
432,100,0.01981486848977222
433,100,0.019866052528273507
434,100,0.019889160855404268
435,100,0.019720830190008923
436,100,0.0203078308496753
437,100,0.019852004662503118
438,100,0.020401119848077378
439,100,0.020053276788025844
440,100,0.020434790589395728
441,100,0.020018303902585063
442,100,0.020600208666139732
443,100,0.01991170025851301
444,100,0.020436038303049995
445,100,0.01996482698904568
446,100,0.020416028678593354
447,100,0.01981692220948461
448,100,0.020406605310447475
449,100,0.020113646620699532
450,100,0.02050343707918827
451,100,0.019777602729293343
452,100,0.02041095190519797
453,100,0.019972330996916816
454,100,0.020406605310447475
455,100,0.019946065256665407
456,100,0.020389389649205013
457,100,0.019987366392154423
458,100,0.020350169201291006
459,100,0.019967254223521427
460,100,0.02042914471355622
461,100,0.01990839087988921
462,100,0.02035659702976909
463,100,0.019765738170983326
464,100,0.02070542240464115
465,100,0.019944145896390666
466,100,0.02029898516278972
467,100,0.02000414646923695
468,100,0.02038592421779246
469,100,0.02000167987829129
470,100,0.020339321146566693
471,100,0.02032162414432831
472,100,0.01996482698904568
473,100,0.02040768148984053
474,100,0.01993228133808065
475,100,0.02055107834735084
476,100,0.019874434498034135
477,100,0.02030141239726547
478,100,0.019815473203591505
479,100,0.020445924790638746
480,100,0.01989682655380351
481,100,0.02023703977793046
482,100,0.020043787875003636
483,100,0.020466544833472745
484,100,0.019702294383702003
485,100,0.02041095190519797
486,100,0.019844959962671396
487,100,0.01989404510000625
488,100,0.020263620866104698
489,100,0.019799397287625142
490,100,0.020063567547953704
491,100,0.019731235125214967
492,100,0.019799397287625142
493,100,0.020195458703694522
494,100,0.019798432787536503
495,100,0.01996351322024672
496,100,0.019731235125214967
497,100,0.019798432787536503
498,100,0.01996351322024672
499,100,0.019895351057836543
500,100,0.019634316854914926
501,100,0.01996351322024672
502,100,0.019895351057836543
503,100,0.019798432787536503
504,100,0.01996351322024672
505,100,0.019731235125214967
506,100,0.019798432787536503
507,100,0.01996351322024672
508,100,0.019895351057836543
509,100,0.019634316854914926
510,100,0.01996351322024672
511,100,0.019895351057836543
512,100,0.019895351057836543
513,100,0.019702479017325105
514,100,0.019895351057836543
515,100,0.019895351057836543
516,100,0.019866594949946678
517,100,0.019895351057836543
518,100,0.019731235125214967
519,100,0.019866594949946678
520,100,0.019895351057836543
521,100,0.019895351057836543
522,100,0.019702479017325105
523,100,0.019895351057836543
524,100,0.01999080762977265
525,100,0.019866594949946678
526,100,0.019895351057836543
527,100,0.01999080762977265
528,100,0.019866594949946678
529,100,0.01999080762977265
530,100,0.01996127404984483
531,100,0.019799397287625142
532,100,0.01984684873978139
533,100,0.01988178448968692
534,100,0.01996351322024672
535,100,0.0199598123514809
536,100,0.01988178448968692
537,100,0.020011929172491606
538,100,0.01978486621938688
539,100,0.01999080762977265
540,100,0.0199164726005555
541,100,0.019620750286765302
542,100,0.01996127404984483
543,100,0.02005896979218283
544,100,0.019737825599695658
545,100,0.01999080762977265
546,100,0.019949946652097095
547,100,0.0199598123514809
548,100,0.019895351057836543
549,100,0.020035048426393306
550,100,0.019798432787536503
551,100,0.01973294806182551
552,100,0.020015869644105382
553,100,0.019980452832132754
554,100,0.01978486621938688
555,100,0.02009565561423415
556,100,0.019884996260196644
557,100,0.019883691374111622
558,100,0.02006612203430633
559,100,0.01999080762977265
560,100,0.019920377196162943
561,100,0.019989807049221174
562,100,0.01999080762977265
563,100,0.019986300188171234
564,100,0.020000161846861073
565,100,0.019980452832132754
566,100,0.019933943764312567
567,100,0.020000161846861073
568,100,0.0200967850266209
569,100,0.01984196241096247
570,100,0.019825691116599597
571,100,0.020029150280866444
572,100,0.020027456256387004
573,100,0.019837578517832643
574,100,0.019900505571112274
575,100,0.02003810618274377
576,100,0.019809572935112024
577,100,0.020017295466462984
578,100,0.01992514257104426
579,100,0.019799946061983154
580,100,0.01978667687007777
581,100,0.01970788420376803
582,100,0.019690198527660525
583,100,0.019913375245413725
584,100,0.019763194464856523
585,100,0.019787934435300785
586,100,0.019521859868581837
587,100,0.019585875115404872
588,100,0.019692798115711913
589,100,0.01950854417549167
590,100,0.01946150355580045
591,100,0.019410983386219008
592,100,0.0194769063782273
593,100,0.019418771788854088
594,100,0.01938499683414424
595,100,0.019432037453835465
596,100,0.019432037453835465
597,100,0.019497960445843752
598,100,0.019432037453835465
599,100,0.01938499683414424
600,100,0.019432037453835465
601,100,0.019432037453835465
602,100,0.01938499683414424
603,100,0.019497960445843752
604,100,0.019432037453835465
605,100,0.019432037453835465
606,100,0.01938499683414424
607,100,0.019432037453835465
608,100,0.019524001331737352
609,100,0.019458078339729065
610,100,0.01947471839569394
611,100,0.01947471839569394
612,100,0.01947471839569394
613,100,0.0191216918810417
614,100,0.0191216918810417
615,100,0.0191216918810417
616,100,0.019113371853059263
617,100,0.0191216918810417
618,100,0.0191216918810417
619,100,0.0191216918810417
620,100,0.0191216918810417
621,100,0.0191216918810417
622,100,0.0191216918810417
623,100,0.0191216918810417
624,100,0.019480166404030438
625,100,0.019169155416727847
626,100,0.019169155416727847
627,100,0.019480166404030438
628,100,0.01916083538874541
629,100,0.01947746607349539
630,100,0.01947746607349539
631,100,0.01947746607349539
632,100,0.01947746607349539
633,100,0.01947746607349539
634,100,0.01947746607349539
635,100,0.01947746607349539
636,100,0.01947746607349539
637,100,0.01947746607349539
638,100,0.01947746607349539
639,100,0.019472003014939895
640,100,0.01947746607349539
641,100,0.019472003014939895
642,100,0.019472003014939895
643,100,0.019325779781421804
644,100,0.019472003014939895
645,100,0.019325779781421804
646,100,0.019228218992149142
647,100,0.019520559138653002
648,100,0.019325779781421804
649,100,0.019510929516659982
650,100,0.019228218992149142
651,100,0.019473299510057863
652,100,0.01946783645150237
653,100,0.019325779781421804
654,100,0.019325779781421804
655,100,0.019516392575215473
656,100,0.019241610441931168
657,100,0.01946783645150237
658,100,0.019241610441931168
659,100,0.01931751824218647
660,100,0.019241610441931168
661,100,0.019350415563991495
662,100,0.01927580425885416
663,100,0.019262412809072135
664,100,0.019293801553164385
665,100,0.01927580425885416
666,100,0.019312055183630977
667,100,0.01927580425885416
668,100,0.01931751824218647
669,100,0.019359973598344796
670,100,0.019288338494608894
671,100,0.01927580425885416
672,100,0.01935587862254699
673,100,0.01927580425885416
674,100,0.019411477848867955
675,100,0.019359973598344796
676,100,0.019293801553164385
677,100,0.01927580425885416
678,100,0.019312055183630977
679,100,0.01927580425885416
680,100,0.0191782434695815
681,100,0.019401687581677107
682,100,0.01927580425885416
683,100,0.019411477848867955
684,100,0.0191782434695815
685,100,0.019293801553164385
686,100,0.01927580425885416
687,100,0.019409059977037037
688,100,0.019359973598344796
689,100,0.01931751824218647
690,100,0.01927580425885416
691,100,0.019288338494608894
692,100,0.01927580425885416
693,100,0.01941694090742345
694,100,0.019359973598344796
695,100,0.019334448671899703
696,100,0.01931751824218647
697,100,0.01927580425885416
698,100,0.019312055183630977
699,100,0.01927580425885416
700,100,0.01937797089265502
701,100,0.01927580425885416
702,100,0.019312055183630977
703,100,0.019334448671899703
704,100,0.019430493965598084
705,100,0.019426760177169346
706,100,0.01952808529972535
707,100,0.019367679594595438
708,100,0.019443915960234714
709,100,0.01940268802541335
710,100,0.019343999054462477
711,100,0.01942503090704259
712,100,0.019414542839816813
713,100,0.019583763553044822
714,100,0.019456255169719935
715,100,0.019394214249226455
716,100,0.019475246101806568
717,100,0.019455770774638174
718,100,0.019494131154998692
719,100,0.019540424509210567
720,100,0.019455770774638174
721,100,0.019494131154998692
722,100,0.019456255169719935
723,100,0.019461233833193668
724,100,0.0194796430566821
725,100,0.019455770774638174
726,100,0.01953210448122813
727,100,0.0194796430566821
728,100,0.019455770774638174
729,100,0.019341415866969577
730,100,0.019578300494489328
731,100,0.019441282676321583
732,100,0.019461718228275426
733,100,0.019379291852248338
734,100,0.01953898101429806
735,100,0.01947809536200789
736,100,0.019436038144648615
737,100,0.019488402228243967
738,100,0.019424726927079455
739,100,0.01933568694021485
740,100,0.019580408056787724
741,100,0.01945004184788345
742,100,0.01941666982132943
743,100,0.019395887512863325
744,100,0.01960754445317538
745,100,0.019433046955061893
746,100,0.019485499128405984
747,100,0.019418670752041543
748,100,0.01946631951141719
749,100,0.01923280405415531
750,100,0.019420510552287072
751,100,0.01938577343023652
752,100,0.019479452204570008
753,100,0.019420510552287072
754,99,0.01927900006741651
755,99,0.019370183394253806
756,99,0.01938305155769911
757,99,0.01934785880688409
758,99,0.01915989923431991
759,99,0.01920681423334653
760,99,0.019261063466632096
761,99,0.019143513266407123
762,99,0.01931192682161256
763,99,0.01916085833415066
764,99,0.019045002971400642
765,99,0.019161481257474165
766,99,0.01940854377461432
767,99,0.018992154492723533
768,99,0.01919921871451118
769,99,0.01924178711878731
770,99,0.01910806482006491
771,99,0.01906394006385062
772,99,0.019246575368315505
773,99,0.019229972210530546
774,99,0.019137574646950192
775,99,0.019032462058684165
776,99,0.01932246157800362
777,99,0.01916240602882487
778,99,0.01912492634887913
779,99,0.01914399680533644
780,99,0.01914486884848727
781,99,0.019209095688369763
782,99,0.019041615476480905
783,99,0.01916240602882487
784,99,0.01945774022866418
785,99,0.019033295448498466
786,99,0.01901546716586261
787,99,0.019351246301803827
788,99,0.019208214987954986
789,99,0.019105031973488885
790,99,0.018958169693052116
791,99,0.019395794843804916
792,99,0.019103560861340164
793,99,0.01916240602882487
794,99,0.01933632697261803
795,99,0.019045002971400642
796,99,0.01905478664605388
797,99,0.01911650568815835
798,99,0.01931288592144331
799,99,0.019184730616194585
800,99,0.019103882467365395
801,99,0.019373570889173544
802,99,0.019099214266589674
803,99,0.01918235718569696
804,99,0.01901447908009325
805,99,0.01938621918724461
806,99,0.01875917957815861
807,99,0.019181316209408345
808,99,0.01912181251565405
809,99,0.019050061365930394
810,99,0.018938584532056685
811,99,0.019127732866100734
812,99,0.018891946218637233
813,99,0.019085392080284036
814,99,0.01938483733491444
815,99,0.01875275220409539
816,99,0.01906747013713407
817,99,0.01924395441814506
818,99,0.019000529916915945
819,99,0.019201350047588012
820,99,0.018896660707501484
821,99,0.019221629830775345
822,99,0.019283968988063324
823,99,0.018864158572712023
824,99,0.019135569355153856
825,99,0.01898027949201801
826,99,0.019024581422066544
827,99,0.01918677926796384
828,99,0.018802213187852763
829,99,0.019379717669051534
830,99,0.018824537775222475
831,99,0.019113244767784143
832,99,0.019109164217582984
833,99,0.01907719776231805
834,99,0.019104733094586247
835,99,0.018921456045522516
836,99,0.019149966582277533
837,99,0.019112063262404243
838,99,0.019379882646866495
839,99,0.018802213187852763
840,99,0.01910059646971308
841,99,0.019074822282547994
842,99,0.019060202869496494
843,99,0.018995841710359916
844,99,0.01909055375971615
845,99,0.018908716876258537
846,99,0.019357091764383542
847,99,0.018882136565331248
848,99,0.019350500812343657
849,99,0.018802213187852763
850,99,0.019812583746510015
851,99,0.01884967047439543
852,99,0.01897055186683403
853,99,0.019556009149571753
854,99,0.019002905396686
855,99,0.019001225520179597
856,99,0.019329249440719284
857,99,0.019121899404395723
858,99,0.0193741622508062
859,99,0.018864158572712023
860,99,0.01901979319503739
861,99,0.01918989798967717
862,99,0.0191271831382099
863,99,0.0193107518653171
864,99,0.019059954019536463
865,99,0.018771699091868578
866,99,0.019301304358293803
867,99,0.019050345456678358
868,99,0.019343966321311228
869,99,0.01929389033650288
870,99,0.018709753707009318
871,99,0.01944439777701827
872,99,0.01880917877181432
873,99,0.019047305721465402
874,99,0.019216469923393667
875,99,0.019245536441299317
876,99,0.019305151761187498
877,99,0.01940023023124201
878,99,0.019473188024758937
879,99,0.01945530497927834
880,99,0.019545493178668983
881,99,0.019397723436737048
882,99,0.01935829176183967
883,99,0.019512187216657855
884,99,0.01959278463372385
885,99,0.01935829176183967
886,99,0.01945303369782554
887,99,0.01945521003213971
888,99,0.019503702852476934
889,99,0.019574352257071125
890,99,0.01934042596392655
891,99,0.019331804618645837
892,99,0.019723559482834233
893,99,0.01939304499172644
894,99,0.01935394516708918
895,99,0.019498887669049236
896,99,0.019655600923674677
897,99,0.01927848057906729
898,99,0.019306758273289377
899,99,0.018991107629716442
900,99,0.01912892149997187
901,99,0.019470006018947245
902,99,0.019071259744627027
903,99,0.01909198251196709
904,99,0.019141610058946077
905,99,0.019407189728996417
906,99,0.01907498761914554
907,99,0.01907846330880446
908,99,0.01902998061549324
909,99,0.019171603184028423
910,99,0.019169918677723576
911,99,0.019462076871886877
912,99,0.019210401271830768
913,99,0.01982336018628946
914,99,0.01888412057264634
915,99,0.01971467643156555
916,99,0.019151228469807203
917,99,0.019040568613473814
918,99,0.01979244676583423
919,99,0.019165919738185107
920,99,0.019098948095928648
921,99,0.018960493814053573
922,99,0.020055112770685432
923,99,0.01926807493195911
924,99,0.018916513946786118
925,99,0.019791054156156566
926,99,0.01927402194680693
927,99,0.019335176198404275
928,99,0.019009826288559843
929,99,0.01952925394412153
930,99,0.01929296601428136
931,99,0.019883164453604916
932,99,0.01893293230320989
933,99,0.019092885674339862
934,99,0.01980282012554585
935,99,0.01899872133366694
936,99,0.019157987361811905
937,99,0.019290399519328826
938,99,0.019712438442163666
939,99,0.01917366897443549
940,99,0.019469889956768682
941,99,0.019153927896826354
942,99,0.019325839121395568
943,99,0.019416767380014962
944,99,0.01918737298198725
945,99,0.019749649317006332
946,99,0.019210141320287612
947,99,0.01938267444446123
948,99,0.01934283401421712
949,99,0.019165650263751326
950,99,0.019526856969388388
951,99,0.01960817987913963
952,99,0.019116255584366422
953,99,0.0192060481852466
954,99,0.019279829544345976
955,99,0.0198282530606185
956,99,0.019421527441889883
957,99,0.018910847718169314
958,99,0.02001694991257641
959,99,0.0190681305627935
960,99,0.019833270548721013
961,99,0.0188772799179938
962,99,0.019378204552547223
963,99,0.020203069385041083
964,99,0.019374314666081992
965,99,0.01961200372151708
966,99,0.019000414775655314
967,99,0.019872613978060207
968,99,0.019422869983027228
969,99,0.019403184370091402
970,99,0.019581321672241955
971,99,0.02000800687850744
972,99,0.019311463614410596
973,99,0.019369729982375055
974,99,0.019856489973219846
975,99,0.019590417634475787
976,99,0.019244139337179472
977,99,0.01938789709758645
978,99,0.020144143023126882
979,99,0.01953093475772608
980,99,0.0194742967151698
981,99,0.019728539738515773
982,99,0.019147596996615612
983,99,0.019409557343273657
984,99,0.019880489565865914
985,99,0.01920296159651753
986,99,0.019742199643494968
987,99,0.020198303675085415
988,99,0.01926668823303583
989,99,0.019437262632499747
990,99,0.019196326472746765
991,99,0.019933111183323984
992,99,0.019311039231688382
993,99,0.01993165324394346
994,99,0.019337188059586924
995,99,0.019725172496499428
996,99,0.01973905935764207
997,99,0.020086901759190954
998,99,0.01977803922910896
999,99,0.01959348557514988
1000,99,0.019403561462034737
1001,99,0.01932792573858173
1002,99,0.019249706787015666
1003,99,0.019202904848354838
1004,99,0.0191889622348291
1005,99,0.019192367983681263
1006,99,0.01924222432854611
1007,99,0.01936768267540501
1008,99,0.019206856081997854
1009,99,0.0191889622348291
1010,99,0.019227736230229515
1011,99,0.01916793196291406
1012,99,0.019241828967438635
1013,99,0.01920725144310533
1014,99,0.01914964275463783
1015,99,0.019241828967438635
1016,99,0.019192763344788737
1017,99,0.01924222432854611
1018,99,0.01935374006187927
1019,99,0.019167536601806586
1020,99,0.01924222432854611
1021,99,0.019227736230229515
1022,99,0.019206856081997854
1023,99,0.01914964275463783
1024,99,0.01924222432854611
1025,99,0.018519860533455678
1026,99,0.019167536601806586
1027,99,0.01924222432854611
1028,99,0.019174474136512507
1029,99,0.0193720292701555
1030,99,0.019202509487247364
1031,99,0.01924222432854611
1032,99,0.01913950125107173
1033,99,0.019241828967438635
1034,99,0.01924222432854611
1035,99,0.01916793196291406
1036,99,0.019241828967438635
1037,99,0.019227736230229515
1038,99,0.01915398934938832
1039,99,0.019202904848354838
1040,99,0.019371633909048027
1041,99,0.01924222432854611
1042,99,0.01914964275463783
1043,99,0.019192367983681263
1044,99,0.01924222432854611
1045,99,0.01924222432854611
1046,99,0.019114669869197052
1047,99,0.019241828967438635
1048,99,0.019227736230229515
1049,99,0.01920725144310533
1050,99,0.019202509487247364
1051,99,0.01935374006187927
1052,99,0.01920725144310533
1053,99,0.019227736230229515
1054,99,0.019206856081997854
1055,99,0.01914964275463783
1056,99,0.01924222432854611
1057,99,0.019206856081997854
1058,99,0.019202904848354838
1059,99,0.019227736230229515
1060,99,0.01915398934938832
1061,99,0.019241828967438635
1062,99,0.01936768267540501
1063,99,0.01920725144310533
1064,99,0.01928014461378452
1065,99,0.019241765979491576
1066,99,0.019220735707576535
1067,99,0.01929463271210111
1068,98,0.019260055187767803
1069,98,0.021345990002404745
1070,98,0.02107851712234676
1071,98,0.020872500277351665
1072,98,0.020872500277351665
1073,98,0.021037278104401837
1074,98,0.020872500277351665
1075,98,0.020913307395309017
1076,98,0.020913307395309017
1077,98,0.021049827023998907
1078,98,0.01985038299234094
1079,98,0.01985038299234094
1080,98,0.01985038299234094
1081,98,0.019789073650776434
1082,98,0.01983047175433779
1083,98,0.019789073650776434
1084,98,0.01999524958138796
1085,98,0.019789073650776434
1086,98,0.019789073650776434
1087,98,0.01983047175433779
1088,98,0.019789073650776434
1089,98,0.01983047175433779
1090,98,0.019789073650776434
1091,98,0.019789073650776434
1092,98,0.01983047175433779
1093,98,0.019789073650776434
1094,98,0.01983047175433779
1095,98,0.01984910743341756
1096,98,0.019684329606367387
1097,98,0.019725727709928743
1098,98,0.019684329606367387
1099,98,0.019725727709928743
1100,98,0.019789073650776434
1101,98,0.019684329606367387
1102,98,0.019725727709928743
1103,98,0.019684329606367387
1104,98,0.019725727709928743
1105,98,0.019684329606367387
1106,98,0.01984910743341756
1107,98,0.019725727709928743
1108,98,0.019789073650776434
1109,98,0.019684329606367387
1110,98,0.019725727709928743
1111,98,0.019684329606367387
1112,98,0.019725727709928743
1113,98,0.019684329606367387
1114,98,0.019684329606367387
1115,98,0.019725727709928743
1116,98,0.019884945996900195
1117,98,0.019821600056052505
1118,98,0.019944979779541322
1119,98,0.019780201952491153
1120,98,0.019821600056052505
1121,98,0.019780201952491153
1122,98,0.019794495268598694
1123,98,0.019857841209446385
1124,98,0.019780201952491153
1125,98,0.019794495268598694
1126,98,0.019780201952491153
1127,98,0.019795291778065972
1128,98,0.019780998461958427
1129,98,0.01991867150155479
1130,98,0.01982239656551978
1131,98,0.019858637718913663
1132,98,0.01982239656551978
1133,98,0.019753893674504617
1134,98,0.0198946243650864
1135,98,0.019795291778065972
1136,98,0.019780998461958427
1137,98,0.01977637059422062
1138,98,0.019875703181241048
1139,98,0.01986682132252212
1140,98,0.01994114842127079
1141,98,0.019875703181241048
1142,98,0.019762077278113074
1143,98,0.01977637059422062
1144,98,0.019875703181241048
1145,98,0.01980347538167443
1146,98,0.01983971653506831
1147,98,0.019762077278113074
1148,98,0.01977637059422062
1149,98,0.019875703181241048
1150,98,0.01977637059422062
1151,98,0.019926855105163246
1152,98,0.019875703181241048
1153,98,0.01977637059422062
1154,98,0.01986682132252212
1155,98,0.019917101284802403
1156,98,0.019734972490659263
1157,98,0.019762077278113074
1158,98,0.01977637059422062
1159,98,0.020012701781253788
1160,98,0.01980347538167443
1161,98,0.019871971090672
1162,98,0.020282223652713004
1163,98,0.019940473981687166
1164,98,0.019734972490659263
1165,98,0.020550490410948308
1166,98,0.02036836161680517
1167,98,0.020258467804246245
1168,98,0.020409759720366523
1169,98,0.020613836351796
1170,98,0.020436864507820333
1171,98,0.020231363016792434
1172,98,0.02039546640425898
1173,98,0.020550490410948308
1174,98,0.020396140843842604
1175,98,0.02039546640425898
1176,98,0.020409759720366523
1177,98,0.020613836351796
1178,98,0.020299865907807597
1179,98,0.02036836161680517
1180,98,0.020509092307386956
1181,98,0.020272761120353786
1182,98,0.02039546640425898
1183,98,0.020550490410948308
1184,98,0.020473105661214214
1185,98,0.020423245631296414
1186,98,0.020608592305735612
1187,98,0.020707924892756042
1188,98,0.020498698493176686
1189,98,0.020567194202174257
1190,98,0.020707924892756042
1191,98,0.02062243142820805
1192,98,0.020416929937180146
1193,98,0.020749322996317397
1194,98,0.020581033324646694
1195,98,0.02043019560216152
1196,98,0.020760104467804408
1197,98,0.020581033324646694
1198,98,0.02073154935257127
1199,98,0.020416929937180146
1200,98,0.02062243142820805
1201,98,0.020707924892756042
1202,98,0.0204583280407415
1203,98,0.020594298989628067
1204,98,0.020694659227774668
1205,98,0.0204583280407415
1206,98,0.020594298989628067
1207,98,0.020842886570155348
1208,98,0.02094300553482748
1209,98,0.02045730038961533
1210,98,0.020843672947807052
1211,98,0.02085943705482484
1212,98,0.020471593705722876
1213,98,0.020581033324646694
1214,98,0.02108686265736236
1215,98,0.02072591809830774
1216,98,0.020822186111588568
1217,98,0.020739183763289117
1218,98,0.021073596992380986
1219,98,0.020574626182187458
1220,98,0.02098753007034193
1221,98,0.020876402609250368
1222,98,0.020879914453870902
1223,98,0.020795867701786465
1224,98,0.020876402609250368
1225,98,0.020739183763289117
1226,98,0.021073596992380986
1227,98,0.020588919498295003
1228,98,0.020973236754234386
1229,98,0.020990028512378342
1230,98,0.02027130364679311
1231,98,0.020284964672881958
1232,98,0.020480048886217763
1233,98,0.020284964672881958
1234,98,0.020532129241175593
1235,98,0.020284964672881958
1236,98,0.020480048886217763
1237,98,0.020284964672881958
1238,98,0.020532915618827297
1239,98,0.02047233190025406
1240,98,0.02023170257916495
1241,98,0.02055550501914923
1242,98,0.020284964672881958
1243,98,0.020555114002604995
1244,98,0.020284569311774484
1245,98,0.02050263828653969
1246,98,0.020307554073203886
1247,98,0.02053331097993477
1248,98,0.020471936539146585
1249,98,0.020284964672881958
1250,98,0.02050263828653969
1251,98,0.02047233190025406
1252,98,0.020284569311774484
1253,98,0.020307554073203886
1254,98,0.02046678322123639
1255,97,0.020307158712096412
1256,97,0.021818305866502737
1257,97,0.021712147986178165
1258,97,0.021556751247536803
1259,97,0.021494108065410984
1260,97,0.021569959559449924
1261,97,0.022069354166435913
1262,97,0.02028485087210616
1263,97,0.02046622508144301
1264,97,0.02031298331068614
1265,97,0.020436363034174957
1266,97,0.02010316636146967
1267,97,0.02031298331068614
1268,97,0.020271585207124784
1269,97,0.020144564465031024
1270,97,0.020271585207124784
1271,97,0.020295209666940008
1272,97,0.02010316636146967
1273,97,0.021157440894823683
1274,97,0.021129308456243705
1275,97,0.021157440894823683
1276,97,0.02093435828062584
1277,97,0.021129308456243705
1278,97,0.021322218721873856
1279,97,0.02093435828062584
1280,97,0.021170706559805057
1281,97,0.021116042791262328
1282,97,0.020328525454711987
1283,97,0.020234861913533218
1284,97,0.020356657893291965
1285,97,0.020409024972897948
1286,97,0.020395759307916574
1287,97,0.020395759307916574
1288,97,0.020409024972897948
1289,97,0.020395759307916574
1290,97,0.020560537134966746
1291,97,0.020248127578514595
1292,97,0.020395759307916574
1293,97,0.020409024972897948
1294,97,0.020395759307916574
1295,97,0.020395759307916574
1296,97,0.020409024972897948
1297,97,0.020395759307916574
1298,97,0.020467657648786292
1299,97,0.02048092331376767
1300,97,0.020467657648786292
1301,97,0.020467657648786292
1302,97,0.02064570114081784
1303,97,0.02030676025440294
1304,97,0.020729269620820483
1305,97,0.02030676025440294
1306,97,0.020467657648786292
1307,97,0.02048092331376767
1308,97,0.020467657648786292
1309,97,0.020632435475836465
1310,97,0.021010248337785337
1311,97,0.020996982672803963
1312,97,0.021010248337785337
1313,97,0.020996982672803963
1314,97,0.020996982672803963
1315,97,0.021010248337785337
1316,97,0.020836085278420607
1317,97,0.021245328979856776
1318,97,0.021014128770452153
1319,97,0.021245328979856776
1320,97,0.020836085278420607
1321,97,0.021010248337785337
1322,97,0.020996982672803963
1323,97,0.021010248337785337
1324,97,0.020845190403390796
1325,97,0.020836085278420607
1326,97,0.020942024548374814
1327,97,0.020836085278420607
1328,97,0.021245328979856776
1329,97,0.02078059127809939
1330,97,0.020928758883393437
1331,97,0.020849350943401984
1332,97,0.020928758883393437
1333,97,0.02094125536683451
1334,97,0.020615813451049216
1335,96,0.021111720589846023
1336,95,0.02038098655274193
1337,95,0.022143846117406753
1338,95,0.02203621033193048
1339,95,0.022229997901415492
1340,95,0.02222793096298672
1341,95,0.022229997901415492
1342,95,0.02223040051859258
1343,95,0.021277635385721944
1344,95,0.021275568447293173
1345,95,0.021277635385721944
1346,95,0.021447057298110535
1347,95,0.021280104941327798
1348,95,0.021316966550854525
1349,95,0.021400113769772734
1350,95,0.021275568447293173
1351,95,0.021319033489283296
1352,95,0.02144952685371639
1353,95,0.021277635385721944
1354,95,0.021316966550854525
1355,95,0.021277635385721944
1356,95,0.021400516386949817
1357,95,0.021319033489283296
1358,95,0.021275568447293173
1359,95,0.021449124236539302
1360,95,0.021275568447293173
1361,95,0.021321503044889153
1362,95,0.021398046831343963
1363,95,0.020855075343557024
1364,95,0.0208116103015669
1365,95,0.020985166090813034
1366,95,0.020814079857172756
1367,95,0.02053553826029372
1368,95,0.020494140156732364
1369,95,0.020800370768378703
1370,95,0.020494140156732364
1371,95,0.020294981084775388
1372,95,0.020930732542347882
1373,95,0.020480150171277307
1374,95,0.020930732542347882
1375,95,0.0208116103015669
1376,95,0.020289435659998942
1377,95,0.020487762534482524
1378,95,0.02139288299417463
1379,95,0.020480150171277307
1380,95,0.020440819006144723
1381,95,0.02093113515952497
1382,95,0.020482217109706078
1383,95,0.02092866560391911
1384,95,0.020489829472911295
1385,95,0.02044122162332181
1386,95,0.020972130645909238
1387,95,0.02077842413549191
1388,95,0.020972130645909238
1389,95,0.020438752067715952
1390,95,0.02049229902851715
1391,95,0.02092866560391911
1392,95,0.020482217109706078
1393,95,0.02092866560391911
1394,95,0.020482217109706078
1395,95,0.02046386349598505
1396,95,0.021464535333604443
1397,95,0.020461393940379196
1398,95,0.02099477251857248
1399,95,0.020461393940379196
1400,95,0.020671994112179026
1401,95,0.021321247641959702
1402,95,0.02116666886837443
1403,95,0.020510404407145768
1404,95,0.02099477251857248
1405,95,0.02046593043441382
1406,95,0.020667457618144397
1407,95,0.021323314580388473
1408,95,0.020667457618144397
1409,95,0.02106799271152075
1410,95,0.021541498030227132
1411,95,0.020887305389234744
1412,95,0.021234696138986982
1413,95,0.020710922660134523
1414,95,0.02150009992666578
1415,95,0.021236560406010633
1416,95,0.020967831437913392
1417,95,0.02063721696733963
1418,95,0.021026005820653223
1419,95,0.021252078443199433
1420,95,0.020635150028910858
1421,95,0.02102807275908199
1422,95,0.020635150028910858
1423,95,0.02129100699115493
1424,95,0.020987077272697722
1425,95,0.02063721696733963
1426,95,0.021026005820653223
1427,95,0.021298619354360147
1428,95,0.021350075173373697
1429,95,0.020475020948741634
1430,95,0.020708652501690464
1431,95,0.02063721696733963
1432,95,0.02100194011866731
1433,95,0.021225543185607664
1434,95,0.020684160495677426
1435,95,0.020962608953534724
1436,95,0.02148265518340182
1437,95,0.02063721696733963
1438,95,0.02100194011866731
1439,95,0.021110295577154978
1440,95,0.020713727146859675
1441,95,0.020652482430486296
1442,95,0.021225543185607664
1443,95,0.021009552481872525
1444,95,0.020613151265353714
1445,95,0.021029013527393663
1446,95,0.021225543185607664
1447,95,0.02087026326314787
1448,95,0.020962608953534724
1449,95,0.020638157735651298
1450,95,0.021266941289169016
1451,95,0.02117812017636241
1452,95,0.02073566420489989
1453,95,0.02039790493994038
1454,95,0.02096542545587072
1455,95,0.02117496243439818
1456,95,0.020654549368915066
1457,95,0.02091202820232524
1458,95,0.02112479680616979
1459,95,0.02117496243439818
1460,95,0.02100400705709608
1461,95,0.02056257051414423
1462,95,0.021003815852691635
1463,95,0.021223476247178893
1464,95,0.021094746103186696
1465,95,0.020427861572012374
1466,95,0.02071661037020531
1467,95,0.020687322503323054
1468,95,0.020941984834397232
1469,95,0.021304510284446226
1470,95,0.020496350504898075
1471,95,0.021033772484763628
1472,95,0.020496350504898075
1473,95,0.02116233088310195
1474,95,0.020983382937958584
1475,95,0.020570996958093474
1476,95,0.022054918603161323
1477,95,0.022434337093922885
1478,95,0.02169388115243586
1479,95,0.021109146386796607
1480,95,0.02166081416414985
1481,95,0.021205323028114755
1482,95,0.021551353438126843
1483,95,0.021449534961279968
1484,95,0.021386645598912644
1485,95,0.021322864692777374
1486,95,0.021524220343792148
1487,95,0.02120988726783444
1488,95,0.0216194160605885
1489,95,0.021265087107980387
1490,95,0.0216194160605885
1491,95,0.021142512503763086
1492,95,0.021484889178659563
1493,95,0.02066628795763366
1494,95,0.02113472916500205
1495,95,0.0206138696849721
1496,95,0.020872002071254208
1497,95,0.02067390032083888
1498,95,0.02120824503568641
1499,95,0.020710046326290244
1500,95,0.020805782062008053
1501,95,0.020762464598951806
1502,95,0.021038552523683904
1503,95,0.020542514949338755
1504,95,0.021044097687925385
1505,95,0.020524148973034475
1506,95,0.021087562990450476
1507,95,0.020604681264552525
1508,95,0.021011888004783603
1509,95,0.02059036898228063
1510,95,0.02094792104660724
1511,95,0.020756919434710325
1512,95,0.020974166063956284
1513,95,0.02047389754400896
1514,95,0.020804343162827785
1515,95,0.020551665856396548
1516,95,0.020826912017442797
1517,95,0.020515295647570316
1518,95,0.020859121700584578
1519,95,0.02118135374742669
1520,95,0.021118300636807506
1521,95,0.02047389754400896
1522,95,0.02073298842719444
1523,95,0.02058874397045934
1524,95,0.020851707274300683
1525,95,0.020804343162827785
1526,95,0.020643522508216133
1527,95,0.021083951068398124
1528,95,0.02044600785036574
1529,95,0.021382862732169404
1530,95,0.020826912017442797
1531,95,0.020755374451086744
1532,95,0.021163033981798394
1533,95,0.02054941280532676
1534,95,0.02136051846330263
1535,95,0.020964554310117626
1536,95,0.020755374451086744
1537,95,0.021195084201126067
1538,95,0.021016757486914908
1539,95,0.02084206972769223
1540,95,0.02076294505926643
1541,95,0.020830782880752474
1542,95,0.021334050202324158
1543,95,0.020811955526033002
1544,95,0.020860739512824467
1545,95,0.020859121700584578
1546,95,0.020747960024802854
1547,95,0.021352906100097414
1548,95,0.020826912017442797
1549,95,0.020804384917853316
1550,95,0.021059987721530265
1551,95,0.021142372601798045
1552,95,0.020851551092404892
1553,95,0.020794861798115124
1554,95,0.020755374451086744
1555,95,0.021152489879113872
1556,95,0.021206700052062828
1557,95,0.020883467831253583
1558,95,0.020826912017442797
1559,95,0.02128668609085126
1560,95,0.020551665856396548
1561,95,0.02102545923691889
1562,95,0.020860739512824467
1563,95,0.021069469086242926
1564,95,0.021074469703685463
1565,95,0.020645589446644904
1566,95,0.021076338705192908
1567,95,0.021215331355217915
1568,95,0.02068492061177749
1569,95,0.02102752617534766
1570,95,0.020532389375488194
1571,95,0.02162321241944599
1572,95,0.021076338705192908
1573,95,0.02047596448243773
1574,95,0.02110116061087771
1575,95,0.02058874397045934
1576,95,0.021235806622577243
1577,95,0.021172515346511055
1578,95,0.020485445847150393
1579,95,0.021424485421478998
1580,95,0.02075346369455377
1581,95,0.0207967725546481
1582,95,0.021195084201126067
1583,95,0.02052684395071175
1584,95,0.021235806622577243
1585,95,0.020859121700584578
1586,95,0.020868351876029683
1587,95,0.02113514428815517
1588,95,0.020973292444924782
1589,95,0.02081934140926311
1590,95,0.02090051980414593
1591,95,0.020747960024802854
1592,95,0.021294298454056476
1593,95,0.02115231096291188
1594,95,0.020745893086374083
1595,95,0.02076294505926643
1596,95,0.02144682969034577
1597,95,0.020757441389515515
1598,95,0.02075346369455377
1599,95,0.020862992563894255
1600,95,0.02103725940310115
1601,95,0.021086018006826895
1602,95,0.020883467831253583
1603,95,0.020826912017442797
1604,95,0.021341464628608052
1605,95,0.020517362585999083
1606,95,0.021004983969559562
1607,95,0.020964528517347827
1608,95,0.02076294505926643
1609,95,0.021277204726138598
1610,95,0.020645589446644904
1611,95,0.021076338705192908
1612,95,0.0208215944603329
1613,95,0.021012821546978692
1614,95,0.02126860007181042
1615,95,0.020623020592029893
1616,95,0.02102545923691889
1617,95,0.02141687305827378
1618,95,0.020483378908721622
1619,95,0.021037007540060326
1620,95,0.02061147228888846
1621,95,0.02130925494546627
1622,95,0.021180127709716272
1623,95,0.020485445847150393
1624,95,0.021140305663369274
1625,95,0.021302026631823397
1626,95,0.020524777012282978
1627,95,0.02109890755980792
1628,95,0.020572141123755876
1629,95,0.021083951068398124
1630,95,0.02160064356483098
1631,95,0.02054734586689799
1632,95,0.02099756954327567
1633,95,0.021014690548486138
1634,95,0.020915518050581255
1635,95,0.021066857340480246
1636,95,0.02057955555003977
1637,95,0.021086018006826895
1638,95,0.021007302771029156
1639,95,0.020883467831253583
1640,95,0.021034940601631556
1641,95,0.0210786575066625
1642,95,0.020853618030833663
1643,95,0.02075346369455377
1644,95,0.02087060492709947
1645,95,0.021140305663369274
1646,95,0.02096587801864089
1647,95,0.021133782666025024
1648,95,0.020964486762322296
1649,94,0.020755374451086744
1650,94,0.021081481757475748
1651,94,0.020695117533849096
1652,94,0.020613939138966274
1653,93,0.02062376279821575
1654,93,0.022153069340725407
1655,93,0.02218718649848185
1656,93,0.02201298312997154
1657,93,0.022153069340725407
1658,93,0.022121152601876717
1659,93,0.022226517663614435
1660,93,0.022123219540305484
1661,93,0.02211167123716405
1662,93,0.02216255070543807
1663,92,0.022206264177820116
1664,92,0.02353254168109681
1665,92,0.02320407097285797
1666,92,0.023298762067050817
1667,92,0.02350129638157464
1668,92,0.022425201907431764
1669,92,0.022559200012718723
1670,92,0.0224463465251988
1671,92,0.02261068020705619
1672,92,0.022443921179248108
1673,92,0.02245345588676424
1674,92,0.022633372477167076
1675,92,0.02234131341656452
1676,92,0.022443921179248108
1677,92,0.02234131341656452
1678,92,0.02261465320535073
1679,92,0.021667515348755585
1680,92,0.02172610490465849
1681,92,0.021677050056271716
1682,92,0.021856966646674553
1683,92,0.02172610490465849
1684,92,0.021812386400590522
1685,92,0.021669940694706277
1686,92,0.02172610490465849
1687,92,0.02180527703902508
1688,92,0.021866501354190684
1689,92,0.021667515348755585
1690,92,0.021754358883990965
1691,92,0.02180770238497577
1692,92,0.021864076008239995
1693,92,0.021536653606739523
1694,92,0.02180527703902508
1695,92,0.02172610490465849
1696,92,0.021866501354190684
1697,92,0.021667515348755585
1698,92,0.021674415297009017
1699,92,0.02183824737485821
1700,92,0.021875739261294366
1701,92,0.021564907586071998
1702,92,0.02180527703902508
1703,92,0.02183824737485821
1704,92,0.021674624710321028
1705,92,0.021747249522425526
1706,92,0.021786557767208736
1707,92,0.02183582202890752
1708,92,0.021586052203839034
1709,92,0.02183582202890752
1710,91,0.02180770238497577
1711,91,0.02404553220612514
1712,91,0.023950962681253858
1713,91,0.023972107299020894
1714,91,0.023979216660586337
1715,91,0.023972107299020894
1716,91,0.023178752780155076
1717,91,0.023207013964458983
1718,91,0.023212018270334634
1719,91,0.023176312496462174
1720,91,0.02334887692702152
1721,91,0.02331639282314076
1722,91,0.023367403605737115
1723,91,0.02334512216600502
1724,91,0.023174089918518208
1725,91,0.02328078857989787
1726,91,0.023367403605737115
1727,91,0.023388943584611625
1728,91,0.02332397754823799
1729,91,0.023252425864964392
1730,90,0.023174089918518208
